{
  "odometry_log_begin_time": "13:21:47",
  "odometry_calls_status": [
  {
		"camera_fov":      45,
		"camera_aspect":   1.0,
		"camera_rotation": {"ew":     0.4578, "ex":     0.1906, "ey":     0.0543, "ez":    -0.8667},
		"camera_position": {"x":     0.0000, "y":     0.0000, "z":    10.1253},
		"curr_time":       0.0,
		"compute_time":    0.0,
		"position":        {"x":     0.0000, "y":     0.0000, "z":     0.0000},
		"velocity":        {"x":     0.0000, "y":     0.0000, "z":     0.0000},
		"acceleration":    {"x":     0.0000, "y":     0.0000, "z":     0.0000},
		"projection_mat":
		{
			"m00":    55.1167, "m01":   -70.1714, "m02":    84.7407,
			"m10":    57.7665, "m11":    33.6394, "m12":    71.1527,
			"m20":     0.0407, "m21":    -0.0086, "m22":     1.0000
		},
		"gt_transform":
		{
			"m00":     1.0000, "m01":     0.0000, "m02":     0.0000,
			"m10":     0.0000, "m11":     1.0000, "m12":     0.0000,
			"m20":     0.0000, "m21":     0.0000, "m22":     1.0000
		},
	"image_matcher_state":
	{
		"threshold":          0.350000,
		"kp1_count":              0,
		"kp2_count":              0,
		"desc1_count":            0,
		"desc2_count":            0,
		"matches_count":          0,
		"good_matches_count":     0,
		"homography":
		{
			"m00":     1.0000, "m01":     0.0000, "m02":     0.0000,
			"m10":     0.0000, "m11":     1.0000, "m12":     0.0000,
			"m20":     0.0000, "m21":     0.0000, "m22":     1.0000
		}
	}
  },
  {
		"camera_fov":      45,
		"camera_aspect":   1.0,
		"camera_rotation": {"ew":     0.4303, "ex":     0.0902, "ey":     0.0334, "ez":    -0.8976},
		"camera_position": {"x":     0.0000, "y":     0.0000, "z":    10.1420},
		"curr_time":       0.50768863899998,
		"compute_time":    0.50768863899998,
		"position":        {"x":     0.0000, "y":     0.0000, "z":     0.0000},
		"velocity":        {"x":     0.0000, "y":     0.0000, "z":     0.0000},
		"acceleration":    {"x":     0.0000, "y":     0.0000, "z":     0.0000},
		"projection_mat":
		{
			"m00":    53.7369, "m01":   -60.9783, "m02":   215.2041,
			"m10":    49.2009, "m11":    36.0984, "m12":   158.8501,
			"m20":     0.0191, "m21":    -0.0018, "m22":     1.0000
		},
		"gt_transform":
		{
			"m00":     1.0000, "m01":     0.0000, "m02":     0.0000,
			"m10":     0.0000, "m11":     1.0000, "m12":     0.0000,
			"m20":     0.0000, "m21":     0.0000, "m22":     1.0000
		},
	"image_matcher_state":
	{
		"threshold":          0.350000,
		"kp1_count":              0,
		"kp2_count":              0,
		"desc1_count":            0,
		"desc2_count":            0,
		"matches_count":          0,
		"good_matches_count":     0,
		"homography":
		{
			"m00":     1.0000, "m01":     0.0000, "m02":     0.0000,
			"m10":     0.0000, "m11":     1.0000, "m12":     0.0000,
			"m20":     0.0000, "m21":     0.0000, "m22":     1.0000
		}
	}
  },
  {
		"camera_fov":      45,
		"camera_aspect":   1.0,
		"camera_rotation": {"ew":     0.4252, "ex":     0.0766, "ey":     0.0364, "ez":    -0.9011},
		"camera_position": {"x":     0.0000, "y":     0.0000, "z":    10.1175},
		"curr_time":       1.2523639080000066,
		"compute_time":    0.7446752690000267,
		"position":        {"x":     0.0000, "y":     0.0000, "z":     0.0000},
		"velocity":        {"x":     0.0000, "y":     0.0000, "z":     0.0000},
		"acceleration":    {"x":     0.0000, "y":     0.0000, "z":     0.0000},
		"projection_mat":
		{
			"m00":    53.9775, "m01":   -59.7814, "m02":   236.0686,
			"m10":    48.2692, "m11":    36.9548, "m12":   163.0841,
			"m20":     0.0170, "m21":     0.0001, "m22":     1.0000
		},
		"gt_transform":
		{
			"m00":     1.0000, "m01":     0.0000, "m02":     0.0000,
			"m10":     0.0000, "m11":     1.0000, "m12":     0.0000,
			"m20":     0.0000, "m21":     0.0000, "m22":     1.0000
		},
	"image_matcher_state":
	{
		"threshold":          0.350000,
		"kp1_count":              0,
		"kp2_count":              0,
		"desc1_count":            0,
		"desc2_count":            0,
		"matches_count":          0,
		"good_matches_count":     0,
		"homography":
		{
			"m00":     1.0000, "m01":     0.0000, "m02":     0.0000,
			"m10":     0.0000, "m11":     1.0000, "m12":     0.0000,
			"m20":     0.0000, "m21":     0.0000, "m22":     1.0000
		}
	}
  },
  {
		"camera_fov":      45,
		"camera_aspect":   1.0,
		"camera_rotation": {"ew":     0.4252, "ex":     0.0790, "ey":     0.0380, "ez":    -0.9009},
		"camera_position": {"x":     0.0000, "y":     0.0000, "z":    10.0899},
		"curr_time":       2.01333580000005,
		"compute_time":    0.7609718920000432,
		"position":        {"x":     0.0000, "y":     0.0000, "z":     0.0000},
		"velocity":        {"x":     0.0000, "y":     0.0000, "z":     0.0000},
		"acceleration":    {"x":     0.0000, "y":     0.0000, "z":     0.0000},
		"projection_mat":
		{
			"m00":    54.3068, "m01":   -59.9935, "m02":   233.6378,
			"m10":    48.5477, "m11":    37.1002, "m12":   160.1110,
			"m20":     0.0176, "m21":     0.0001, "m22":     1.0000
		},
		"gt_transform":
		{
			"m00":     1.0000, "m01":     0.0000, "m02":     0.0000,
			"m10":     0.0000, "m11":     1.0000, "m12":     0.0000,
			"m20":     0.0000, "m21":     0.0000, "m22":     1.0000
		},
	"image_matcher_state":
	{
		"threshold":          0.350000,
		"kp1_count":              0,
		"kp2_count":              0,
		"desc1_count":            0,
		"desc2_count":            0,
		"matches_count":          0,
		"good_matches_count":     0,
		"homography":
		{
			"m00":     1.0000, "m01":     0.0000, "m02":     0.0000,
			"m10":     0.0000, "m11":     1.0000, "m12":     0.0000,
			"m20":     0.0000, "m21":     0.0000, "m22":     1.0000
		}
	}
  },
  {
		"camera_fov":      45,
		"camera_aspect":   1.0,
		"camera_rotation": {"ew":     0.4246, "ex":     0.0827, "ey":     0.0346, "ez":    -0.9009},
		"camera_position": {"x":     0.0000, "y":     0.0000, "z":    10.1067},
		"curr_time":       2.7753622249999808,
		"compute_time":    0.7620264249999309,
		"position":        {"x":     0.0000, "y":     0.0000, "z":     0.0000},
		"velocity":        {"x":     0.0000, "y":     0.0000, "z":     0.0000},
		"acceleration":    {"x":     0.0000, "y":     0.0000, "z":     0.0000},
		"projection_mat":
		{
			"m00":    54.3519, "m01":   -60.1384, "m02":   226.0403,
			"m10":    48.5512, "m11":    36.9247, "m12":   161.9497,
			"m20":     0.0179, "m21":    -0.0008, "m22":     1.0000
		},
		"gt_transform":
		{
			"m00":     1.0000, "m01":     0.0000, "m02":     0.0000,
			"m10":     0.0000, "m11":     1.0000, "m12":     0.0000,
			"m20":     0.0000, "m21":     0.0000, "m22":     1.0000
		},
	"image_matcher_state":
	{
		"threshold":          0.350000,
		"kp1_count":              0,
		"kp2_count":              0,
		"desc1_count":            0,
		"desc2_count":            0,
		"matches_count":          0,
		"good_matches_count":     0,
		"homography":
		{
			"m00":     1.0000, "m01":     0.0000, "m02":     0.0000,
			"m10":     0.0000, "m11":     1.0000, "m12":     0.0000,
			"m20":     0.0000, "m21":     0.0000, "m22":     1.0000
		}
	}
  },
  {
		"camera_fov":      45,
		"camera_aspect":   1.0,
		"camera_rotation": {"ew":     0.4241, "ex":     0.0847, "ey":     0.0328, "ez":    -0.9010},
		"camera_position": {"x":     0.0000, "y":     0.0000, "z":    10.1491},
		"curr_time":       3.5131241330000194,
		"compute_time":    0.7377619080000386,
		"position":        {"x":     0.0000, "y":     0.0000, "z":     0.0000},
		"velocity":        {"x":     0.0000, "y":     0.0000, "z":     0.0000},
		"acceleration":    {"x":     0.0000, "y":     0.0000, "z":     0.0000},
		"projection_mat":
		{
			"m00":    54.2268, "m01":   -59.9961, "m02":   221.9140,
			"m10":    48.3843, "m11":    36.7315, "m12":   162.8549,
			"m20":     0.0181, "m21":    -0.0013, "m22":     1.0000
		},
		"gt_transform":
		{
			"m00":     1.0000, "m01":     0.0000, "m02":     0.0000,
			"m10":     0.0000, "m11":     1.0000, "m12":     0.0000,
			"m20":     0.0000, "m21":     0.0000, "m22":     1.0000
		},